index,per_capacity_fulfilled
PLANT01,62.33333333333333
PLANT02,89.88888888888889
PLANT03,66.28571428571428
PLANT04,74.70588235294117
PLANT05,68.66666666666667
PLANT06,66.0
PLANT07,77.57894736842104
PLANT08,66.5
PLANT09,68.63636363636364
PLANT10,83.6470588235294
